"","platform","seed","Npar","delta.target","time.warmup","time.sampling","minESS","medianESS","Nsims","minESS.coda","Rhat.min","Rhat.max","Rhat.median","metric","eps.final","samples.per.sampling.time","samples.per.time","time.total","model"
"1","jags",1,16,0.5,0.0399999999999636,0.300000000000182,6.09478320436053,80.2204727572611,500,7.26367521923861,0.998198313215095,1.2980794896793,1.01970353674808,NA,NA,20.3159440145228,17.9258329539939,0.340000000000146,"growth_nct"
"2","stan.nuts",1,16,0.8,0.784,0.492,87.1372541474394,211.181108876766,500,83.8113108456037,0.998085271425192,1.01345139108067,0.998986432937853,"diag_e",0.128360929244474,177.108240137072,68.2893841280873,1.276,"growth_nct"
"3","jags",2,16,0.5,0.0499999999992724,0.279999999999745,12.6445577316496,92.3942237607882,500,9.26442660983979,0.998057106465762,1.06945192074491,1.00953290125914,NA,NA,45.1591347559325,38.3168416111734,0.329999999999018,"growth_nct"
"4","stan.nuts",2,16,0.8,0.764,0.523,110.11607590862,277.011833886954,500,102.705531636446,0.99799922244579,1.01292715628321,1.00010317067999,"diag_e",0.126049204157146,210.546990265047,85.560276541274,1.287,"growth_nct"
"5","jags",1,26,0.5,0.0799999999999272,0.570000000000618,24.5943892445073,99.2018430934725,500,20.0314601530037,0.997998422415765,1.05415040585757,1.0013495734178,NA,NA,43.1480513061063,37.8375219145948,0.650000000000546,"growth_nct"
"6","stan.nuts",1,26,0.8,1.096,1.041,124.968574311983,283.692980608528,500,127.970844594791,0.998166649637789,1.01495488265417,0.999909102233513,"diag_e",0.109656724136992,120.046661202673,58.4785092709326,2.137,"growth_nct"
"7","jags",2,26,0.5,0.0600000000004002,0.559999999999491,21.0589409258532,150.73602996812,500,20.3380030264331,0.998002370361071,1.05982696253308,1.0032403150965,NA,NA,37.6052516533435,33.9660337513821,0.619999999999891,"growth_nct"
"8","stan.nuts",2,26,0.8,1.115,0.905,66.0063736661346,372.93756579479,500,47.0360653458993,0.998001528921637,1.0163880051189,0.99886235771027,"diag_e",0.120039250460084,72.9352195205907,32.6764226069973,2.02,"growth_nct"
