"","platform","seed","Npar","delta.target","time.warmup","time.sampling","minESS","medianESS","Nsims","minESS.coda","Rhat.min","Rhat.max","Rhat.median","metric","eps.final","samples.per.sampling.time","samples.per.time","time.total","model"
"1","jags",1,16,0.5,0.0499999999997272,0.190000000000055,7.31692543212817,66.4024548022875,500,7.02093035185038,0.998216782217771,1.06527742541484,1.00848064763028,NA,NA,38.5101338532951,30.4871893005618,0.239999999999782,"growth_nc"
"2","stan.nuts",1,16,0.8,0.687,0.443,78.819760886608,186.1160881737,500,66.0867836079312,0.99801641475724,1.02212985579376,0.999367940719197,"diag_e",0.132047235880805,177.922710804984,69.7520007846088,1.13,"growth_nc"
"3","jags",2,16,0.5,0.0500000000001819,0.179999999999836,16.5055305086654,120.328467929073,500,15.8939566798521,0.998787275727291,1.11907359083494,1.00642483140286,NA,NA,91.6973917148914,71.7631761246267,0.230000000000018,"growth_nc"
"4","stan.nuts",2,16,0.8,0.65,0.448,104.513524974412,242.67937085278,500,108.428614376037,0.998059308496275,1.01379148843429,1.00017584315726,"diag_e",0.127538565514048,233.289118246455,95.1853597216867,1.098,"growth_nc"
"5","jags",1,26,0.5,0.0799999999999272,0.359999999999673,19.0395219819727,117.851046892201,500,11.6940022349607,0.998004493931887,1.01968885539075,1.00442875105276,NA,NA,52.8875610610832,43.271640868159,0.4399999999996,"growth_nc"
"6","stan.nuts",1,26,0.8,1.024,0.767,127.594651084861,375.299446462981,500,121.097631501446,0.998000794513368,1.0053239667561,0.999033539300971,"diag_e",0.135905181947724,166.355477294473,71.2421279089119,1.791,"growth_nc"
"7","jags",2,26,0.5,0.0799999999999272,0.360000000000127,15.2488492471367,138.946652489975,500,12.6990125359145,0.998001466960909,1.15128780509204,1.00119048715709,NA,NA,42.3579145753648,34.6564755616701,0.440000000000055,"growth_nc"
"8","stan.nuts",2,26,0.8,0.988,0.8,102.893411454618,402.604758663576,500,129.988811261557,0.998035670434585,1.00634283573867,0.999164343801086,"diag_e",0.130145730792003,128.616764318272,57.5466507016878,1.788,"growth_nc"
