"","platform","seed","Npar","delta.target","time.warmup","time.sampling","minESS","medianESS","Nsims","minESS.coda","Rhat.min","Rhat.max","Rhat.median","metric","eps.final","samples.per.sampling.time","samples.per.time","time.total","model"
"1","jags",1,16,0.5,0.0399999999999636,0.210000000000036,13.6349461051399,24.7353440662381,500,14.7950202484212,0.998099763775593,1.10410517407463,1.02409665259776,NA,NA,64.9283147863692,54.5397844205596,0.25,"growth_t"
"2","stan.nuts",1,16,0.8,0.371,0.318,79.5575594644677,116.308178474614,500,72.9848006428097,0.998027035208838,1.02534615088572,1.002264445312,"diag_e",0.13220911090597,250.181004605244,115.468155971651,0.689,"growth_t"
"3","jags",2,16,0.5,0.0299999999997453,0.190000000000509,14.9462925609971,28.7345664965964,500,18.8788426868463,0.99802030170521,1.19276522727241,1.08484777483403,NA,NA,78.6646976892475,67.9376934589991,0.220000000000255,"growth_t"
"4","stan.nuts",2,16,0.8,0.41,0.31,3.72587340926351,19.9854098427584,500,1.67621497499329,1.03543111841923,2.55255791403402,1.23795515679486,"diag_e",0.116115496746493,12.0189464814952,5.17482417953265,0.72,"growth_t"
"5","jags",1,26,0.5,0.0600000000004002,0.369999999999891,9.36812397527799,14.1141364499244,500,10.4316621514107,0.998102942581155,1.11644544701688,1.0847764830853,NA,NA,25.3192539872453,21.7863348262131,0.430000000000291,"growth_t"
"6","stan.nuts",1,26,0.8,0.486,0.55,56.8292483599316,97.6320450018431,500,64.2605419024776,0.997999543036423,1.01843170815345,0.999707050302662,"diag_e",0.187264670010865,103.325906108967,54.8544868339108,1.036,"growth_t"
"7","jags",2,26,0.5,0.0700000000006185,0.369999999999891,15.4523033673162,46.4608012616253,500,21.6823259848922,0.998009373626304,1.08746710506505,1.02857233541879,NA,NA,41.7629820738398,35.1188712893143,0.440000000000509,"growth_t"
"8","stan.nuts",2,26,0.8,0.445,0.537,20.4740335731056,87.0661232332157,500,51.6261752894782,0.998013932781407,1.01091102511519,1.0014405287725,"diag_e",0.153188387789617,38.1266919424686,20.8493213575414,0.982,"growth_t"
