"","platform","seed","Npar","Nsims","delta.mean","delta.target","eps.final","nsteps.mean","nsteps.median","nsteps.sd","metric","model"
"1","NUTS",1,16,500,0.817494498531247,0.8,0.146502438660957,20.452,15,12.6950523202409,"diag_e","growth"
"2","NUTS",2,16,500,0.9082841201947,0.8,0.114159061628059,28.976,31,17.3751260143938,"diag_e","growth"
"3","NUTS",1,26,500,0.928568227863016,0.8,0.17237001959412,20.792,15,10.0626918400731,"diag_e","growth"
"4","NUTS",2,26,500,0.772255005963362,0.8,0.226703581622515,14.688,15,8.37947003528798,"diag_e","growth"
