"","platform","seed","Npar","Nsims","delta.mean","delta.target","eps.final","nsteps.mean","nsteps.median","nsteps.sd","metric","model"
"1","NUTS",1,16,500,0.875345213144115,0.8,0.13220911090597,21.824,15,15.8438991590533,"diag_e","growth_t"
"2","NUTS",2,16,500,0.905102370977639,0.8,0.116115496746493,28.472,31,16.4556485584103,"diag_e","growth_t"
"3","NUTS",1,26,500,0.910627165549059,0.8,0.187264670010865,20.28,15,10.6356980160757,"diag_e","growth_t"
"4","NUTS",2,26,500,0.859609381732191,0.8,0.153188387789617,19.448,15,10.2870105640746,"diag_e","growth_t"
