"","platform","seed","Npar","Nsims","delta.mean","delta.target","eps.final","nsteps.mean","nsteps.median","nsteps.sd","metric","model"
"1","NUTS",1,15,2000,0.61912236941295,0.8,0.115206264752335,17.988,15,16.433804365573,"diag_e","growth"
"2","NUTS",2,15,2000,0.914864062355468,0.8,0.0968452348582047,26.687,31,15.6510058777379,"diag_e","growth"
"3","NUTS",3,15,2000,0.898856450484472,0.8,0.0750878649485774,40.038,31,26.7318751521316,"diag_e","growth"
"4","NUTS",1,25,2000,0.53723807628177,0.8,0.177547989806015,13.702,15,11.6792808683412,"diag_e","growth"
"5","NUTS",2,25,2000,0.885128274952654,0.8,0.146236443276333,21.755,15,11.952314957063,"diag_e","growth"
"6","NUTS",3,25,2000,0.931741339524685,0.8,0.104203661661301,30.724,31,17.4370833534704,"diag_e","growth"
"7","NUTS",1,105,2000,0.86236393198138,0.8,0.15846745516908,31.384,31,18.1871194892241,"diag_e","growth"
"8","NUTS",2,105,2000,0.856145867756882,0.8,0.17811750820749,19.127,15,7.35193320983821,"diag_e","growth"
"9","NUTS",3,105,2000,0.925066719810357,0.8,0.0954576531777374,35.304,31,11.1900313136649,"diag_e","growth"
