"","platform","seed","Npar","Nsims","delta.mean","delta.target","eps.final","max_treedepths","ndivergent","nsteps.mean","nsteps.median","nsteps.sd","metric","model"
"1","stan.nuts",1,1637,2000,0.633018461272972,0.8,0.0952253340184242,0,74,43.782,31,16.905154842836,"diag_e","quantgene_nc"
"2","stan.nuts",1,1637,2000,0.911092738802987,0.9,0.0410164863239981,0,8,89.972,63,32.2824933264978,"diag_e","quantgene_nc"
"3","stan.nuts",1,1637,2000,0.74523751712456,0.95,0.0451053524263347,0,174,94.564,127,40.5907811641451,"diag_e","quantgene_nc"
"4","stan.nuts",2,1637,2000,0.896375437684844,0.8,0.0591334685829924,0,20,62.607,63,4.27841744759156,"diag_e","quantgene_nc"
"5","stan.nuts",2,1637,2000,0.845269764193873,0.9,0.0931687368590756,0,51,59.555,63,11.7899948676401,"diag_e","quantgene_nc"
"6","stan.nuts",2,1637,2000,0.964488808108703,0.95,0.0542761163532471,0,0,90.52,63,31.7007024296708,"diag_e","quantgene_nc"
"7","stan.nuts",3,1637,2000,0.972809068403615,0.8,0.016650457786177,32,0,445.976,255,571.658402153553,"diag_e","quantgene_nc"
"8","stan.nuts",3,1637,2000,0.970157291333666,0.9,0.0433376277636956,0,0,117.592,127,22.6741185418894,"diag_e","quantgene_nc"
"9","stan.nuts",3,1637,2000,0.893595522052239,0.95,0.0293420318601906,24,0,141.656,127,162.476879587221,"diag_e","quantgene_nc"
