"","platform","seed","Npar","delta.target","time.warmup","time.sampling","minESS","medianESS","Nsims","minESS.coda","Rhat.min","Rhat.max","Rhat.median","metric","eps.final","samples.per.sampling.time","samples.per.time","time.total","model"
"1","jags",1,5,0.5,0.00999999999999091,1.25,819.684004984445,1567.23116831755,20000,753.679730478667,0.999950043656528,1.00053058383355,1.00004911773835,NA,NA,655.747203987556,650.542861098771,1.25999999999999,"redkite"
"2","stan.nuts",1,5,0.5,1.371,2.656,630.447991179681,2508.83733787676,20000,653.887976928989,0.999949998805155,1.00268908096846,1.00030434627222,"diag_e",0.534676254106207,237.367466558615,156.555249858376,4.027,"redkite"
"3","stan.nuts",1,5,0.8,2.051,4.694,2203.20008267515,4539.14557165221,20000,2463.70487332752,0.99995474164762,1.00050372149927,1.00003433343497,"diag_e",0.312551021381101,469.365164609107,326.641969262438,6.745,"redkite"
"4","jags",2,5,0.5,0.00999999999999091,1.06,872.496410796494,1516.53857905402,20000,933.530034951524,0.999950120568268,1.00059891080643,1.00006292245802,NA,NA,823.109821506124,815.417206351869,1.06999999999999,"redkite"
"5","stan.nuts",2,5,0.5,1.378,3.308,1972.19964138937,4968.9878375692,20000,2060.90433872869,0.999960949921492,1.00036958666422,1.00001728255853,"diag_e",0.438655784086362,596.190943588082,420.870602089068,4.686,"redkite"
"6","stan.nuts",2,5,0.8,2.005,4.908,4095.31064523768,5466.073227269,20000,4015.23535827151,0.999962148820101,1.0000442372459,0.99997084058564,"diag_e",0.283102111586451,834.415371890317,592.407152500749,6.913,"redkite"
