"","platform","seed","Npar","Nsims","delta.mean","delta.target","eps.final","nsteps.mean","nsteps.median","nsteps.sd","metric","model"
"1","NUTS",1,177,20,8.52620057470615e-57,0.5,0.0987322056937302,2.4,2.5,0.699205898780101,"diag_e","swallows"
"2","NUTS",1,177,20,0.524686971183127,0.8,0.0366657264915462,69.4,63,20.2385770250776,"diag_e","swallows"
"3","NUTS",2,177,20,8.82444715804035e-06,0.5,0.0736817767630006,3.2,3,0.421637021355784,"diag_e","swallows"
"4","NUTS",2,177,20,0.701634489777083,0.8,0.0334483926579435,63,63,0,"diag_e","swallows"
