"model","Npar","max.cor","jags","stan.nuts","stan_re"
"growth_nc",66,0.902505457877841,8.47741819172148,37.5482570270909,4.43
"growth",66,0.880253147267775,7.17428049625614,1.8689648584734,0.26
"mvnc",2,0.844889700926485,1687.66356682524,3856.04807832917,2.28
"mvnd",5,0.785413445168676,120.49848479354,1776.9542241907,14.75
"redkite",5,0.821001083926549,798.404266706321,405.282778257489,0.51
"ss_logistic_nc",28,0.961116596241042,0.818643113932721,26.5044026925276,32.38
"ss_logistic",28,0.960526746278422,2.19462893804549,7.17240831470791,3.27
"swallows_nc",177,0.800166945818728,0.420978728143617,0.0979706775249148,0.23
"swallows",177,0.889144415077457,0.570164644871431,0.0632879240333707,0.11
