"","model","jags","stan.nuts"
"1","growth_nc",10.7515319658446,45.0634081129893
"2","growth_nct",11.4977784829004,39.0324997681218
"3","growth",10.8611932547811,8.70367451751939
"4","growth_t",9.00502182498738,7.80302395820518
"5","mvn",144.537992979492,1760.83747753714
"6","redkite",656.220504641071,441.688314262338
"7","ss_logistic_nc",0.751052261719081,25.6582477797224
"8","ss_logistic",2.53440093203033,7.07389230635322
