"model","Npar","max.cor","jags","stan.nuts","stan_re"
"growth_nc",66,0.888493674078323,2.79751765222769,20.8628160017621,7.46
"growth",66,0.874985388396815,3.32232934178212,2.69148395715751,0.81
"mvnc",2,0.968296662669641,6859.45817782991,7191.98903142603,1.05
"mvnd",5,0.627420621308798,221.360130784892,2566.82972049146,11.6
"redkite",5,0.821001083926549,244.303429482749,345.197453350566,1.41
"ss_logistic_nc",28,0.961214219413037,0.874281554750389,25.2281394282732,28.86
"ss_logistic",28,0.962307587645738,0.616618785180812,7.90725901228891,12.82
"swallows_nc",177,0.808870258518553,0.0956276283949109,0.102397703525031,1.07
"swallows",177,0.90424554564327,0.117061573817562,0.0289564413077165,0.25
