,model,jags,stan.nuts,stan/jags
1,growth,7.3,5.1,0.702518657
2,growth2,9.2,47.5,5.137902581
3,mvn,144.5,1760.8,12.18252337
