"model","max.cor","median.cor"
"growth",0.874985388396815,0.330277365992126
"growth_nc",0.888493674078323,0.0346563809617335
"mvnc",0.968296662669641,0.968296662669641
"mvnd",0.627420621308798,0.402739853961267
"redkite",0.821001083926549,0.0713893754702585
"ss_logistic",0.962307587645738,0.0635428163325863
"ss_logistic_nc",0.961214219413037,0.0416137109563812
"swallows",0.90424554564327,0.0299372407242086
"swallows_nc",0.808870258518553,0.0252622730350982
