"model","max.cor","median.cor"
"growth",0.880253147267775,0.306626333716478
"growth_nc",0.902505457877841,0.0327542975294696
"mvnc",0.844889700926485,0.844889700926485
"mvnd",0.785413445168676,0.443519581583257
"redkite",0.821001083926549,0.0713893754702585
"ss_logistic",0.960526746278422,0.0769512569676463
"ss_logistic_nc",0.961116596241042,0.0493556190934936
"swallows",0.889144415077457,0.079627536348336
"swallows_nc",0.800166945818728,0.0724018842013995
