"","platform","seed","Npar","delta.target","time","minESS","medianESS","Nsims","minESS.coda","Rhat.min","Rhat.max","Rhat.median","metric","eps.final","samples.per.time","time.total","model"
"1","jags",1,1101,0.5,4.26000000000022,3.48309688573982,32.7410362280767,50,2.19038692185582,0.979795967148697,2.88520831537104,0.996199238418392,NA,NA,0.817628376934187,4.26000000000022,"wildflower"
"2","stan.nuts",1,1101,0.8,27.2000000000007,4.78163345829751,50,50,2.17173984590341,0.979795899794386,1.66130728130917,0.986568897190371,"diag_e",0.0121694625751758,0.175795347731521,27.2000000000007,"wildflower"
